item_id,opinion_id,court,year,period,type_group,family,trigger_ids,stratum,char_start,char_end,sent_start,sent_end,split,label,sublabel
c4034180-0,4034180,ca5,2016,2015-2026,majority/lead,CTRL_HOLD,,CTRL_HOLD,6318,6327,6297,6516,COURT,DECIDED,
204313-0,204313,ca9,2011,2005-2014,majority/lead,TRIGGER,T07,H1,49729,49745,49701,49865,TEST,UNRESOLVED,AVOIDED
8414864-0,8414864,ca7,2017,2015-2026,majority/lead,TRIGGER,T03,H2,1761,1774,1745,1943,DEV,UNRESOLVED,AVOIDED
c10516289-0,10516289,scotus,2023,2015-2026,majority/lead,CTRL_HOLD,,CTRL_HOLD,28021,28032,28020,28166,TEMPORAL,DECIDED,
396563-1,396563,ca6,1981,pre-1990,majority/lead,TRIGGER,T07+T09,H1,56477,56501,56325,56557,DEV,UNRESOLVED,AVOIDED
361337-0,361337,ca9,1978,pre-1990,majority/lead,TRIGGER,T04,PLAIN,7875,7887,7871,7997,DEV,UNRESOLVED,AVOIDED
c9423471-0,9423471,scotus,1967,pre-1990,separate,CTRL_HOLD,,CTRL_HOLD,20161,20177,20155,20285,TEST,DECIDED,
542283-1,542283,cadc,1990,1990-2004,majority/lead,TRIGGER,T11,H1,8681,8709,8630,8931,COURT,DECIDED,
9453371-1,9453371,ca4,1968,pre-1990,separate,TRIGGER,T01,PLAIN,25813,25833,25729,26191,DEV,UNRESOLVED,AVOIDED
c2648502-1,2648502,ca4,2014,2005-2014,majority/lead,CTRL_HOLD,,CTRL_HOLD,9034,9041,8960,9126,DEV,DECIDED,
118059-0,118059,scotus,1996,1990-2004,majority/lead,TRIGGER,T03,H1,36884,36899,36834,37157,TEST,UNCLEAR,
432066-0,432066,ca8,1984,pre-1990,majority/lead,TRIGGER,T01,H1,17789,17804,17785,18078,DEV,UNRESOLVED,AVOIDED
204110-1,204110,ca1,2009,2005-2014,majority/lead,TRIGGER,T13,H1,9878,9900,9853,9966,TEST,UNRESOLVED,AVOIDED
9402795-0,9402795,ca4,2023,2015-2026,majority/lead,TRIGGER,T01,PLAIN,18863,18878,18856,19008,TEMPORAL,UNRESOLVED,AVOIDED
3041089-0,3041089,ca8,2006,2005-2014,majority/lead,TRIGGER,T07+T09,H2,13667,13690,13638,13778,DEV,UNRESOLVED,ASSUMED
195480-0,195480,ca1,1994,1990-2004,majority/lead,TRIGGER,T02,H2,10470,10484,10446,10807,DEV,UNRESOLVED,AVOIDED
8407925-0,8407925,cadc,2003,1990-2004,majority/lead,TRIGGER,T01,PLAIN,4669,4684,4665,4822,COURT,UNRESOLVED,AVOIDED
768117-1,768117,ca9,2000,1990-2004,majority/lead,TRIGGER,T04,PLAIN,27471,27483,27224,27640,DEV,UNRESOLVED,AVOIDED
c9499197-0,9499197,ca9,2006,2005-2014,majority/lead,CTRL_HOLD,,CTRL_HOLD,282,289,281,442,DEV,DECIDED,
c4566917-0,4566917,ca3,2020,2015-2026,majority/lead,CTRL_HOLD,,CTRL_HOLD,10744,10751,10685,10836,TEMPORAL,UNCLEAR,
c186398-1,186398,cadc,2005,2005-2014,majority/lead,CTRL_HOLD,,CTRL_HOLD,2445,2455,2035,2527,COURT,DECIDED,
8415381-0,8415381,ca7,2019,2015-2026,majority/lead,TRIGGER,T01,H2,10879,10894,10804,11018,TEMPORAL,UNRESOLVED,AVOIDED
482585-0,482585,ca11,1987,pre-1990,majority/lead,TRIGGER,T10,H1,2138,2159,2099,2372,TEST,UNCLEAR,
2804418-0,2804418,ca9,2015,2015-2026,majority/lead,TRIGGER,T03,H1,42003,42016,41963,42124,DEV,UNRESOLVED,ASSUMED
c455983-0,455983,ca6,1985,pre-1990,majority/lead,CTRL_HOLD,,CTRL_HOLD,6644,6651,6612,6767,DEV,DECIDED,
4194816-0,4194816,cafc,2017,2015-2026,majority/lead,TRIGGER,T11,H1,12921,12943,12893,13092,DEV,UNRESOLVED,AVOIDED
489301-1,489301,ca6,1987,pre-1990,majority/lead,TRIGGER,T03,H1,45614,45641,45582,46005,TEST,UNRESOLVED,AVOIDED
676040-1,676040,ca3,1994,1990-2004,majority/lead,TRIGGER,T02,PLAIN,54055,54069,54017,54721,TEST,UNRESOLVED,AVOIDED
492677-3,492677,ca6,1987,pre-1990,majority/lead,TRIGGER,T11,H1,18749,18776,18729,19118,DEV,DECIDED,
c281160-0,281160,ca2,1968,pre-1990,majority/lead,CTRL_HOLD,,CTRL_HOLD,15820,15829,15737,15912,TEST,DECIDED,
798135-0,798135,ca8,2007,2005-2014,majority/lead,TRIGGER,T04,PLAIN,19561,19573,19545,19738,TEST,UNRESOLVED,AVOIDED
769389-0,769389,ca4,2000,1990-2004,majority/lead,TRIGGER,T06,H1,51767,51785,51655,52157,DEV,UNRESOLVED,AVOIDED
c4172597-1,4172597,ca9,2017,2015-2026,majority/lead,CTRL_HOLD,,CTRL_HOLD,16520,16527,16507,16689,TEST,DECIDED,
4014574-0,4014574,ca10,2016,2015-2026,majority/lead,TRIGGER,T07+T09,H1,18162,18185,18148,18274,DEV,UNRESOLVED,ASSUMED
4348868-0,4348868,cafc,2018,2015-2026,majority/lead,TRIGGER,T11,H2,767,799,711,957,TEMPORAL,UNRESOLVED,AVOIDED
8408247-0,8408247,ca9,2003,1990-2004,majority/lead,TRIGGER,T06,H1,123540,123558,123535,123686,TEST,UNRESOLVED,AVOIDED
r3048863-0,3048863,ca11,2011,2005-2014,majority/lead,CTRL_RAND,,CTRL_RAND,38210,38217,38183,38267,TEST,DECIDED,
8704059-0,8704059,cadc,2012,2005-2014,majority/lead,TRIGGER,T04,H1,20775,20789,20758,20977,COURT,UNRESOLVED,AVOIDED
438815-0,438815,ca5,1984,pre-1990,majority/lead,TRIGGER,T01,H1,33714,33729,33669,33826,COURT,UNRESOLVED,AVOIDED
585779-0,585779,ca1,1992,1990-2004,majority/lead,TRIGGER,T11,H1,7295,7312,7229,7430,TEST,DECIDED,
c5121573-1,5121573,ca1,2021,2015-2026,majority/lead,CTRL_HOLD,,CTRL_HOLD,24479,24493,24479,24542,TEMPORAL,DECIDED,
2791509-1,2791509,ca5,2015,2015-2026,majority/lead,TRIGGER,T06,H1,13920,13940,13902,13974,COURT,UNCLEAR,
6930225-0,6930225,ca7,1994,1990-2004,majority/lead,TRIGGER,T13,PLAIN,7199,7220,7178,7390,TEST,UNRESOLVED,AVOIDED
4458305-1,4458305,ca2,2019,2015-2026,majority/lead,TRIGGER,T03,PLAIN,12796,12809,12791,12986,TEMPORAL,UNRESOLVED,AVOIDED
4662322-0,4662322,ca7,2021,2015-2026,majority/lead,TRIGGER,T03,PLAIN,6003,6016,5997,6190,TEMPORAL,UNRESOLVED,AVOIDED
264655-0,264655,ca2,1964,pre-1990,majority/lead,TRIGGER,T13,PLAIN,1421,1444,1347,1496,DEV,UNRESOLVED,AVOIDED
781275-0,781275,ca1,2003,1990-2004,majority/lead,TRIGGER,T11,H1,14432,14461,14232,14899,DEV,UNCLEAR,
1394920-0,1394920,ca2,2007,2005-2014,majority/lead,TRIGGER,T01,PLAIN,26471,26486,26446,26765,DEV,UNRESOLVED,AVOIDED
391083-1,391083,ca5,1981,pre-1990,majority/lead,TRIGGER,T11,H2,7721,7740,7681,7903,COURT,DECIDED,
6933422-1,6933422,ca2,1995,1990-2004,majority/lead,TRIGGER,T06,PLAIN,17635,17653,17631,17721,DEV,UNRESOLVED,AVOIDED
c537166-1,537166,cadc,1990,1990-2004,majority/lead,CTRL_HOLD,,CTRL_HOLD,23740,23747,23733,24013,COURT,DECIDED,
2837800-0,2837800,ca1,2015,2015-2026,majority/lead,TRIGGER,T01,H2,12607,12622,12589,12914,DEV,UNRESOLVED,AVOIDED
290434-0,290434,ca3,1970,pre-1990,majority/lead,TRIGGER,T13,H1,1089,1110,926,1370,DEV,UNCLEAR,
c8415026-0,8415026,ca8,2017,2015-2026,majority/lead,CTRL_HOLD,,CTRL_HOLD,513,522,513,654,TEST,DECIDED,
4166708-1,4166708,ca1,2017,2015-2026,majority/lead,TRIGGER,T07,H1,56788,56804,56778,56838,DEV,UNRESOLVED,ASSUMED
547499-1,547499,ca5,1990,1990-2004,majority/lead,TRIGGER,T04,H2,4270,4282,4204,4287,COURT,UNRESOLVED,AVOIDED
478991-1,478991,ca8,1987,pre-1990,majority/lead,TRIGGER,T03,H1,19345,19358,19341,19458,DEV,UNRESOLVED,AVOIDED
8446500-0,8446500,ca9,2006,2005-2014,majority/lead,TRIGGER,T01,H2,2090,2105,2086,2252,TEST,UNRESOLVED,AVOIDED
799554-0,799554,ca5,2012,2005-2014,majority/lead,TRIGGER,T06,PLAIN,1189,1207,1172,1342,COURT,UNRESOLVED,AVOIDED
9554892-0,9554892,ca8,2023,2015-2026,majority/lead,TRIGGER,T07+T09,PLAIN,4633,4656,4629,4733,TEMPORAL,UNRESOLVED,ASSUMED
c772670-0,772670,ca2,2001,1990-2004,majority/lead,CTRL_HOLD,,CTRL_HOLD,1167,1176,1137,1523,TEST,DECIDED,
9011747-0,9011747,ca2,1993,1990-2004,majority/lead,TRIGGER,T01,PLAIN,21181,21196,21178,21392,TEST,UNRESOLVED,AVOIDED
c802371-1,802371,ca5,2012,2005-2014,majority/lead,CTRL_HOLD,,CTRL_HOLD,7951,7979,7951,8101,COURT,DECIDED,
202878-0,202878,ca1,2007,2005-2014,majority/lead,TRIGGER,T02,H2,8018,8044,8011,8206,TEST,UNRESOLVED,AVOIDED
r6216996-0,6216996,ca1,2022,2015-2026,majority/lead,CTRL_RAND,,CTRL_RAND,8699,8706,8699,8761,TEMPORAL,UNCLEAR,
502473-1,502473,ca11,1988,pre-1990,majority/lead,TRIGGER,T10,H2,48510,48528,48507,48674,DEV,UNRESOLVED,AVOIDED
216307-0,216307,ca4,2011,2005-2014,majority/lead,TRIGGER,T07+T08,PLAIN,47160,47185,47159,47383,DEV,UNRESOLVED,ASSUMED
c9434573-0,9434573,scotus,2004,1990-2004,majority/lead,CTRL_HOLD,,CTRL_HOLD,526,533,526,600,DEV,DECIDED,
2972885-0,2972885,ca6,2005,2005-2014,majority/lead,TRIGGER,T10,H1,18437,18457,18420,18686,TEST,UNCLEAR,
185764-0,185764,cadc,2002,1990-2004,majority/lead,TRIGGER,T13,H1,8002,8024,7753,8100,COURT,UNCLEAR,
623899-0,623899,ca9,2012,2005-2014,majority/lead,TRIGGER,T07+T09,PLAIN,1029,1052,1026,1095,TEST,UNRESOLVED,ASSUMED
700470-1,700470,ca6,1995,1990-2004,majority/lead,TRIGGER,T13,PLAIN,26885,26907,26874,26970,DEV,UNRESOLVED,AVOIDED
508836-0,508836,ca11,1988,pre-1990,majority/lead,TRIGGER,T03,PLAIN,6904,6917,6847,6969,DEV,UNRESOLVED,AVOIDED
c432099-0,432099,ca11,1984,pre-1990,majority/lead,CTRL_HOLD,,CTRL_HOLD,9793,9800,9734,9897,TEST,DECIDED,
2708641-0,2708641,ca7,2014,2005-2014,majority/lead,TRIGGER,T10,PLAIN,8131,8149,8128,8227,TEST,DECIDED,
r8794503-0,8794503,ca8,1915,pre-1990,majority/lead,CTRL_RAND,,CTRL_RAND,9725,9740,9545,9839,TEST,UNCLEAR,
442852-0,442852,cafc,1984,pre-1990,majority/lead,TRIGGER,T04,PLAIN,5699,5711,5542,5859,DEV,UNRESOLVED,AVOIDED
c118376-0,118376,scotus,2000,1990-2004,majority/lead,CTRL_HOLD,,CTRL_HOLD,1790,1797,1787,1934,DEV,DECIDED,
228516-0,228516,ca5,1952,pre-1990,majority/lead,TRIGGER,T07,H2,818,834,806,1003,COURT,UNRESOLVED,ASSUMED
r553177-0,553177,ca2,1990,1990-2004,majority/lead,CTRL_RAND,,CTRL_RAND,10806,10813,10778,10864,TEST,DECIDED,
c2976911-0,2976911,ca6,2008,2005-2014,majority/lead,CTRL_HOLD,,CTRL_HOLD,3256,3265,3223,3343,TEST,DECIDED,
c10464412-0,10464412,cadc,2024,2015-2026,majority/lead,CTRL_HOLD,,CTRL_HOLD,40375,40382,40321,40469,COURT,DECIDED,
6838739-0,6838739,ca7,1928,pre-1990,majority/lead,TRIGGER,T13,H1,9206,9229,9156,9231,TEST,UNRESOLVED,AVOIDED
8961628-0,8961628,cafc,1988,pre-1990,majority/lead,TRIGGER,T02,H1,48979,48993,48908,49016,TEST,UNRESOLVED,AVOIDED
106088-0,106088,scotus,1960,pre-1990,majority/lead,TRIGGER,T07,H2,8706,8722,8690,8994,DEV,UNRESOLVED,ASSUMED
3064168-1,3064168,ca11,2009,2005-2014,majority/lead,TRIGGER,T01,PLAIN,23217,23232,23214,23583,TEST,UNRESOLVED,AVOIDED
9886091-0,9886091,cafc,2018,2015-2026,separate,TRIGGER,T04,H1,9176,9202,9004,9318,TEMPORAL,UNCLEAR,
3178413-2,3178413,ca5,2016,2015-2026,majority/lead,TRIGGER,T02,H1,9598,9612,9546,9714,COURT,UNRESOLVED,AVOIDED
c103645-0,103645,scotus,1942,pre-1990,majority/lead,CTRL_HOLD,,CTRL_HOLD,11478,11485,11474,11574,TEST,DECIDED,
c2967180-1,2967180,ca4,2000,1990-2004,majority/lead,CTRL_HOLD,,CTRL_HOLD,9403,9415,9388,9633,TEST,DECIDED,
627509-0,627509,cafc,1993,1990-2004,majority/lead,TRIGGER,T01,H1,19478,19493,19444,19687,DEV,UNCLEAR,
c8409454-1,8409454,ca5,2005,2005-2014,majority/lead,CTRL_HOLD,,CTRL_HOLD,5484,5508,5464,5711,COURT,DECIDED,
r2999301-0,2999301,ca7,2006,2005-2014,majority/lead,CTRL_RAND,,CTRL_RAND,24464,24471,24464,24578,TEST,UNCLEAR,
1030942-1,1030942,ca4,2009,2005-2014,majority/lead,TRIGGER,T04,H1,23244,23256,23241,23370,DEV,UNRESOLVED,AVOIDED
c255948-0,255948,ca9,1961,pre-1990,majority/lead,CTRL_HOLD,,CTRL_HOLD,8673,8701,8279,8821,DEV,DECIDED,
2511566-0,2511566,ca1,2011,2005-2014,majority/lead,TRIGGER,T10,H1,28757,28775,28754,28893,DEV,UNRESOLVED,AVOIDED
1019880-0,1019880,ca4,2006,2005-2014,majority/lead,TRIGGER,T02,PLAIN,30443,30457,30430,30525,TEST,UNRESOLVED,AVOIDED
7862471-0,7862471,cadc,1993,1990-2004,majority/lead,TRIGGER,T07+T09,H1,45840,45863,45464,45945,COURT,UNCLEAR,
r9415230-0,9415230,ca5,2010,2005-2014,majority/lead,CTRL_RAND,,CTRL_RAND,4726,4733,4726,4820,COURT,UNCLEAR,
187097-0,187097,cadc,2008,2005-2014,majority/lead,TRIGGER,T04,H2,18518,18530,18497,18912,COURT,UNRESOLVED,AVOIDED
66467-0,66467,ca5,2009,2005-2014,majority/lead,TRIGGER,T04,H2,3145,3157,3018,3400,COURT,UNRESOLVED,AVOIDED
280531-0,280531,ca8,1968,pre-1990,majority/lead,TRIGGER,T11,H1,9686,9704,9608,9788,DEV,DECIDED,
774800-5,774800,ca3,1992,1990-2004,majority/lead,TRIGGER,T01,H1,265745,265760,265742,265991,TEST,UNRESOLVED,AVOIDED
8882596-0,8882596,ca2,1970,pre-1990,majority/lead,TRIGGER,T10,H2,46274,46292,46177,46716,TEST,UNRESOLVED,AVOIDED
217956-0,217956,ca11,2011,2005-2014,majority/lead,TRIGGER,T03,PLAIN,36618,36631,36602,36740,DEV,UNRESOLVED,AVOIDED
291677-0,291677,ca5,1970,pre-1990,majority/lead,TRIGGER,T04,H2,63263,63275,63175,63402,COURT,UNRESOLVED,AVOIDED
185281-1,185281,cadc,2000,1990-2004,majority/lead,TRIGGER,T01,H2,46960,46976,46957,47235,COURT,UNRESOLVED,AVOIDED
9001894-2,9001894,ca11,1992,1990-2004,majority/lead,TRIGGER,T10,H1,34433,34451,34410,34497,TEST,UNRESOLVED,AVOIDED
11345617-0,11345617,ca11,2026,2015-2026,majority/lead,TRIGGER,T07,PLAIN,22047,22063,22041,22149,TEMPORAL,UNRESOLVED,ASSUMED
544632-0,544632,ca4,1990,1990-2004,majority/lead,TRIGGER,T01,H1,20723,20738,20693,20962,DEV,UNCLEAR,
c8679229-1,8679229,ca6,2016,2015-2026,majority/lead,CTRL_HOLD,,CTRL_HOLD,19777,19788,19764,19870,TEST,DECIDED,
1191028-1,1191028,ca2,2010,2005-2014,majority/lead,TRIGGER,T01,H2,16588,16603,16585,16732,DEV,UNRESOLVED,AVOIDED
792576-0,792576,ca2,2005,2005-2014,majority/lead,TRIGGER,T01,H2,2040,2055,1904,2132,TEST,UNRESOLVED,AVOIDED
9812705-0,9812705,scotus,2012,2005-2014,separate,TRIGGER,T01,PLAIN,29847,29862,29823,29939,DEV,UNRESOLVED,AVOIDED
1388013-2,1388013,cafc,2009,2005-2014,majority/lead,TRIGGER,T01,PLAIN,55846,55861,55834,56019,TEST,UNRESOLVED,AVOIDED
795344-0,795344,ca10,2006,2005-2014,majority/lead,TRIGGER,T01,H2,18495,18523,18491,18700,DEV,UNRESOLVED,AVOIDED
c780180-1,780180,ca3,2002,1990-2004,majority/lead,CTRL_HOLD,,CTRL_HOLD,2923,2930,2839,3035,DEV,DECIDED,
c2968486-0,2968486,ca4,2007,2005-2014,majority/lead,CTRL_HOLD,,CTRL_HOLD,1958,1965,1950,2208,DEV,DECIDED,
c9435356-1,9435356,scotus,2009,2005-2014,majority/lead,CTRL_HOLD,,CTRL_HOLD,2762,2770,2756,3003,TEST,DECIDED,
187044-0,187044,cadc,2007,2005-2014,majority/lead,TRIGGER,T01,PLAIN,14105,14120,14080,14343,COURT,UNRESOLVED,AVOIDED
200620-0,200620,ca1,2003,1990-2004,majority/lead,TRIGGER,T10,H2,15158,15176,15154,15313,DEV,UNRESOLVED,AVOIDED
r210540-0,210540,cafc,2007,2005-2014,majority/lead,CTRL_RAND,,CTRL_RAND,9240,9247,8983,9359,DEV,UNCLEAR,
796166-6,796166,ca6,2006,2005-2014,majority/lead,TRIGGER,T06,H2,43873,43892,43856,44101,DEV,DECIDED,
c6984863-0,6984863,cafc,1999,1990-2004,majority/lead,CTRL_HOLD,,CTRL_HOLD,22861,22872,22861,23070,DEV,DECIDED,
315722-0,315722,ca5,1974,pre-1990,majority/lead,TRIGGER,T05,H1,120187,120204,120173,120319,COURT,UNRESOLVED,AVOIDED
8413575-0,8413575,ca2,2015,2015-2026,majority/lead,TRIGGER,T01,H2,4463,4478,4444,4655,DEV,UNRESOLVED,AVOIDED
r790791-0,790791,ca1,2005,2005-2014,majority/lead,CTRL_RAND,,CTRL_RAND,15442,15449,15379,15809,DEV,UNCLEAR,
996601-0,996601,ca4,1998,1990-2004,majority/lead,TRIGGER,T11,H1,10233,10250,10169,10324,DEV,DECIDED,
c7023573-1,7023573,ca9,2001,1990-2004,majority/lead,CTRL_HOLD,,CTRL_HOLD,11100,11111,10989,11216,TEST,DECIDED,
76043-0,76043,ca11,2002,1990-2004,majority/lead,TRIGGER,T06,PLAIN,22341,22359,22224,22436,DEV,UNRESOLVED,AVOIDED
229017-0,229017,ca10,1952,pre-1990,majority/lead,TRIGGER,T13,H1,13397,13418,13386,13576,DEV,UNRESOLVED,AVOIDED
9394447-0,9394447,ca2,2023,2015-2026,majority/lead,TRIGGER,T04,H2,36456,36468,36372,36740,TEMPORAL,UNRESOLVED,AVOIDED
r2771725-0,2771725,ca2,2015,2015-2026,majority/lead,CTRL_RAND,,CTRL_RAND,11441,11448,11438,11518,DEV,DECIDED,
9001962-0,9001962,ca10,1992,1990-2004,majority/lead,TRIGGER,T04,PLAIN,5518,5532,5518,5836,DEV,UNCLEAR,
9430708-0,9430708,scotus,1986,pre-1990,majority/lead,TRIGGER,T01,PLAIN,21547,21562,21543,21857,DEV,UNRESOLVED,AVOIDED
2975900-0,2975900,ca6,2007,2005-2014,majority/lead,TRIGGER,T01,PLAIN,12498,12513,12467,12683,TEST,UNRESOLVED,AVOIDED
629193-0,629193,ca8,1993,1990-2004,majority/lead,TRIGGER,T01,PLAIN,9555,9570,9551,9653,DEV,UNRESOLVED,AVOIDED
932059-2,932059,scotus,2013,2005-2014,majority/lead,TRIGGER,T03,PLAIN,63225,63240,63171,63453,DEV,UNRESOLVED,AVOIDED
r9778225-0,9778225,scotus,1995,1990-2004,separate,CTRL_RAND,,CTRL_RAND,2176,2183,2026,2308,TEST,UNCLEAR,
706938-0,706938,ca5,1995,1990-2004,majority/lead,TRIGGER,T11,PLAIN,33068,33086,33065,33206,COURT,UNCLEAR,
c10755430-0,10755430,ca4,2024,2015-2026,majority/lead,CTRL_HOLD,,CTRL_HOLD,12211,12218,12210,12289,TEMPORAL,DECIDED,
10787320-0,10787320,ca6,2025,2015-2026,majority/lead,TRIGGER,T03,PLAIN,45309,45322,45296,45403,TEMPORAL,UNRESOLVED,AVOIDED
1023355-0,1023355,ca4,2007,2005-2014,majority/lead,TRIGGER,T01,H2,6645,6665,6641,6939,TEST,UNRESOLVED,AVOIDED
c8408531-0,8408531,ca9,2004,1990-2004,majority/lead,CTRL_HOLD,,CTRL_HOLD,848,857,848,1041,TEST,DECIDED,
934741-0,934741,ca10,2013,2005-2014,majority/lead,TRIGGER,T06,H1,28700,28718,28697,28811,TEST,UNRESOLVED,AVOIDED
r280183-0,280183,ca4,1968,pre-1990,majority/lead,CTRL_RAND,,CTRL_RAND,20377,20392,20321,20555,TEST,DECIDED,
4708661-5,4708661,ca11,2021,2015-2026,majority/lead,TRIGGER,T07,H1,89675,89691,89648,89725,TEMPORAL,UNCLEAR,
9600755-0,9600755,ca11,2009,2005-2014,separate,TRIGGER,T02,H1,23452,23466,23421,23933,DEV,UNCLEAR,
411423-0,411423,ca9,1982,pre-1990,majority/lead,TRIGGER,T05,H1,13844,13862,13683,13965,DEV,DECIDED,
r4018877-0,4018877,ca9,2016,2015-2026,majority/lead,CTRL_RAND,,CTRL_RAND,1391,1398,1345,1579,TEST,UNCLEAR,
474821-0,474821,ca1,1986,pre-1990,majority/lead,TRIGGER,T12,H2,16038,16059,16026,16171,DEV,UNRESOLVED,RESERVED
475065-0,475065,ca6,1986,pre-1990,majority/lead,TRIGGER,T07,H1,3668,3684,3587,4018,DEV,DECIDED,
3038181-0,3038181,ca8,2005,2005-2014,majority/lead,TRIGGER,T07,H1,17655,17671,17655,17741,TEST,UNRESOLVED,AVOIDED
4263800-0,4263800,cadc,2018,2015-2026,majority/lead,TRIGGER,T01,PLAIN,31620,31635,31617,31987,COURT,UNRESOLVED,AVOIDED
10823099-0,10823099,ca2,2025,2015-2026,majority/lead,TRIGGER,T04,H1,25332,25346,25266,25453,TEMPORAL,UNCLEAR,
245022-0,245022,cadc,1958,pre-1990,majority/lead,TRIGGER,T02,H2,3560,3574,3556,3737,COURT,UNRESOLVED,AVOIDED
11128307-0,11128307,ca3,2025,2015-2026,majority/lead,TRIGGER,T07,H2,14413,14429,14397,14598,TEMPORAL,UNRESOLVED,ASSUMED
512429-0,512429,ca8,1988,pre-1990,majority/lead,TRIGGER,T02,PLAIN,14061,14075,14050,14179,TEST,UNRESOLVED,AVOIDED
1356581-0,1356581,ca2,2009,2005-2014,majority/lead,TRIGGER,T02,H2,43939,43953,43892,44079,TEST,UNRESOLVED,AVOIDED
483291-0,483291,ca7,1987,pre-1990,majority/lead,TRIGGER,T10,PLAIN,35040,35058,34935,35178,DEV,UNRESOLVED,AVOIDED
748421-0,748421,ca10,1997,1990-2004,majority/lead,TRIGGER,T13,H1,24890,24910,24875,25035,TEST,UNRESOLVED,AVOIDED
186687-1,186687,cadc,2006,2005-2014,majority/lead,TRIGGER,T01,H2,29437,29452,29434,29668,COURT,UNRESOLVED,AVOIDED
148155-1,148155,ca11,2010,2005-2014,majority/lead,TRIGGER,T03,PLAIN,77748,77772,77723,77925,TEST,UNRESOLVED,AVOIDED
716755-1,716755,cafc,1996,1990-2004,majority/lead,TRIGGER,T13,H2,19707,19727,19691,20060,DEV,UNRESOLVED,AVOIDED
182725-0,182725,ca7,2011,2005-2014,majority/lead,TRIGGER,T04,PLAIN,19178,19190,19091,19286,DEV,UNRESOLVED,AVOIDED
205784-0,205784,ca2,2011,2005-2014,majority/lead,TRIGGER,T01,PLAIN,9649,9664,9645,9855,TEST,UNRESOLVED,AVOIDED
410990-2,410990,ca11,1983,pre-1990,majority/lead,TRIGGER,T13,H1,54813,54836,54709,54904,DEV,UNRESOLVED,AVOIDED
8959835-0,8959835,ca4,1988,pre-1990,majority/lead,TRIGGER,T04,H1,8661,8675,8537,8747,TEST,UNCLEAR,
2677472-0,2677472,ca4,2014,2005-2014,majority/lead,TRIGGER,T10,PLAIN,1842,1860,1825,1939,DEV,UNRESOLVED,AVOIDED
353217-0,353217,ca7,1978,pre-1990,majority/lead,TRIGGER,T10,H2,20944,20962,20940,21219,DEV,UNRESOLVED,AVOIDED
6987795-0,6987795,ca9,2000,1990-2004,majority/lead,TRIGGER,T04,PLAIN,20044,20056,19912,20186,DEV,UNRESOLVED,AVOIDED
167373-0,167373,ca10,2006,2005-2014,majority/lead,TRIGGER,T07,H1,14144,14160,14094,14292,TEST,UNRESOLVED,ASSUMED
8949935-0,8949935,cafc,1987,pre-1990,majority/lead,TRIGGER,T03,H2,9804,9817,9800,9954,DEV,UNRESOLVED,AVOIDED
3054252-0,3054252,ca9,2009,2005-2014,majority/lead,TRIGGER,T01,PLAIN,30856,30871,30856,31067,TEST,UNRESOLVED,AVOIDED
c739077-0,739077,ca5,1997,1990-2004,majority/lead,CTRL_HOLD,,CTRL_HOLD,7868,7875,7867,8097,COURT,DECIDED,
74447-0,74447,ca11,2000,1990-2004,majority/lead,TRIGGER,T02,PLAIN,12672,12686,12667,12992,DEV,UNCLEAR,
84951-0,84951,scotus,1810,pre-1990,majority/lead,TRIGGER,T13,PLAIN,6877,6900,6870,7042,DEV,UNRESOLVED,AVOIDED
786064-0,786064,ca2,2004,1990-2004,majority/lead,TRIGGER,T05,H1,22630,22648,22503,22727,DEV,UNCLEAR,
r399131-0,399131,ca3,1982,pre-1990,majority/lead,CTRL_RAND,,CTRL_RAND,5781,5788,5476,5844,TEST,UNCLEAR,
6496267-0,6496267,ca10,2022,2015-2026,majority/lead,TRIGGER,T11,H2,71004,71020,70999,71077,TEMPORAL,DECIDED,
768969-0,768969,ca7,2000,1990-2004,majority/lead,TRIGGER,T03,H1,71949,71967,71917,72122,DEV,UNCLEAR,
c78053-0,78053,ca11,2008,2005-2014,majority/lead,CTRL_HOLD,,CTRL_HOLD,1564,1573,1526,1651,TEST,DECIDED,
9479540-2,9479540,ca11,1989,pre-1990,majority/lead,TRIGGER,T06,H1,55929,55948,55919,56255,TEST,UNCLEAR,
8409960-1,8409960,ca2,2006,2005-2014,majority/lead,TRIGGER,T02,H1,39483,39497,39445,39622,DEV,UNRESOLVED,AVOIDED
4297542-0,4297542,ca5,2018,2015-2026,majority/lead,TRIGGER,T01,H2,15835,15850,15827,16092,COURT,UNRESOLVED,AVOIDED
c384583-0,384583,ca5,1981,pre-1990,majority/lead,CTRL_HOLD,,CTRL_HOLD,1171,1181,1171,1370,COURT,DECIDED,
496793-1,496793,ca3,1987,pre-1990,majority/lead,TRIGGER,T10,PLAIN,12830,12848,12812,12949,DEV,UNRESOLVED,AVOIDED
9806863-0,9806863,ca11,2015,2015-2026,majority/lead,TRIGGER,T02,PLAIN,37058,37072,37055,37180,TEST,UNRESOLVED,AVOIDED
c4095572-0,4095572,cafc,2016,2015-2026,majority/lead,CTRL_HOLD,,CTRL_HOLD,12096,12104,11912,12169,TEST,DECIDED,
9477840-0,9477840,ca9,1988,pre-1990,majority/lead,TRIGGER,T04,H2,133,145,130,276,TEST,UNRESOLVED,AVOIDED
217666-7,217666,ca1,2011,2005-2014,majority/lead,TRIGGER,T07+T08,H2,26975,27000,26961,27249,TEST,UNRESOLVED,ASSUMED
347082-1,347082,ca3,1977,pre-1990,majority/lead,TRIGGER,T11,PLAIN,7639,7656,7533,7691,TEST,UNCLEAR,
3149040-0,3149040,ca10,2015,2015-2026,majority/lead,TRIGGER,T07+T09,H1,31651,31675,31631,31821,DEV,UNCLEAR,
380955-0,380955,ca1,1980,pre-1990,majority/lead,TRIGGER,T10,H1,31086,31104,31048,31251,TEST,UNRESOLVED,AVOIDED
11313507-5,11313507,ca2,2026,2015-2026,majority/lead,TRIGGER,T01,PLAIN,92670,92685,92582,92785,TEMPORAL,UNRESOLVED,AVOIDED
c3009440-1,3009440,ca7,2015,2015-2026,majority/lead,CTRL_HOLD,,CTRL_HOLD,1011,1018,886,1194,TEST,DECIDED,
813020-1,813020,scotus,2012,2005-2014,majority/lead,TRIGGER,T11,H1,28155,28170,28146,28214,DEV,UNRESOLVED,AVOIDED
r145835-0,145835,scotus,2008,2005-2014,majority/lead,CTRL_RAND,,CTRL_RAND,2697,2704,2685,2796,TEST,DECIDED,
r810009-0,810009,ca5,2012,2005-2014,majority/lead,CTRL_RAND,,CTRL_RAND,2965,2985,2906,3088,COURT,DECIDED,
c252597-0,252597,ca7,1960,pre-1990,majority/lead,CTRL_HOLD,,CTRL_HOLD,11533,11540,11532,11727,DEV,DECIDED,
111278-0,111278,scotus,1984,pre-1990,majority/lead,TRIGGER,T10,PLAIN,12530,12548,12315,12550,TEST,UNRESOLVED,AVOIDED
202937-0,202937,ca1,2007,2005-2014,majority/lead,TRIGGER,T04,H1,11488,11502,11332,11586,TEST,UNCLEAR,
r2685918-0,2685918,ca9,2014,2005-2014,majority/lead,CTRL_RAND,,CTRL_RAND,4751,4758,4725,4829,TEST,UNCLEAR,
c4504072-1,4504072,ca11,2020,2015-2026,majority/lead,CTRL_HOLD,,CTRL_HOLD,14529,14538,14528,14618,TEMPORAL,DECIDED,
8413806-0,8413806,ca8,2016,2015-2026,majority/lead,TRIGGER,T11,H2,9107,9125,9065,9179,DEV,DECIDED,
4154863-1,4154863,ca5,2017,2015-2026,majority/lead,TRIGGER,T04,H1,17323,17335,17248,17372,COURT,UNRESOLVED,AVOIDED
4307292-0,4307292,ca6,2018,2015-2026,majority/lead,TRIGGER,T01,PLAIN,20207,20222,20089,20272,TEMPORAL,UNRESOLVED,AVOIDED
4402820-0,4402820,scotus,2019,2015-2026,majority/lead,TRIGGER,T10,PLAIN,39400,39418,39397,39763,TEMPORAL,UNRESOLVED,AVOIDED
357271-0,357271,ca6,1978,pre-1990,majority/lead,TRIGGER,T03,PLAIN,1258,1271,1255,1429,TEST,UNRESOLVED,AVOIDED
6942832-2,6942832,cadc,1996,1990-2004,majority/lead,TRIGGER,T01,H2,13712,13727,13665,13788,COURT,UNRESOLVED,AVOIDED
c277137-0,277137,ca5,1967,pre-1990,majority/lead,CTRL_HOLD,,CTRL_HOLD,1356,1365,1355,1571,COURT,DECIDED,
c4217699-0,4217699,ca7,2017,2015-2026,majority/lead,CTRL_HOLD,,CTRL_HOLD,957,964,957,1116,DEV,DECIDED,
8910458-1,8910458,ca7,1979,pre-1990,majority/lead,TRIGGER,T07,H1,24514,24530,24245,24585,DEV,UNRESOLVED,ASSUMED
r508539-0,508539,ca6,1988,pre-1990,majority/lead,CTRL_RAND,,CTRL_RAND,2828,2835,2810,3015,DEV,DECIDED,
605646-1,605646,ca8,1993,1990-2004,majority/lead,TRIGGER,T11,PLAIN,7352,7370,7280,7428,DEV,DECIDED,
4413321-0,4413321,ca1,2019,2015-2026,majority/lead,TRIGGER,T01,PLAIN,10588,10603,10569,10891,TEMPORAL,UNRESOLVED,ASSUMED
812467-0,812467,ca8,2012,2005-2014,majority/lead,TRIGGER,T07,PLAIN,6337,6353,6282,6403,TEST,UNRESOLVED,ASSUMED
4283538-0,4283538,ca11,2018,2015-2026,majority/lead,TRIGGER,T04,H1,3526,3538,3515,3736,TEMPORAL,DECIDED,
3016266-0,3016266,ca3,2005,2005-2014,majority/lead,TRIGGER,T03,PLAIN,41943,41956,41712,42117,DEV,UNRESOLVED,AVOIDED
6888379-0,6888379,cadc,1944,pre-1990,majority/lead,TRIGGER,T10,H1,10190,10208,10127,10470,COURT,UNCLEAR,
r9475153-0,9475153,cafc,1986,pre-1990,separate,CTRL_RAND,,CTRL_RAND,17355,17362,17301,17439,DEV,UNCLEAR,
8463040-0,8463040,ca9,2009,2005-2014,majority/lead,TRIGGER,T06,PLAIN,1379,1397,1376,1476,TEST,UNRESOLVED,AVOIDED
c3032215-1,3032215,ca8,2003,1990-2004,majority/lead,CTRL_HOLD,,CTRL_HOLD,7831,7838,7821,7889,DEV,DECIDED,
415395-0,415395,ca8,1983,pre-1990,majority/lead,TRIGGER,T02,H2,13636,13650,13633,13838,DEV,UNRESOLVED,AVOIDED
9960726-0,9960726,ca4,2024,2015-2026,majority/lead,TRIGGER,T11,H1,2323,2352,2275,2423,TEMPORAL,DECIDED,
9477147-0,9477147,cafc,1988,pre-1990,majority/lead,TRIGGER,T02,PLAIN,14282,14296,14199,14419,TEST,UNRESOLVED,AVOIDED
386299-0,386299,ca9,1980,pre-1990,majority/lead,TRIGGER,T05,H1,1817,1835,1772,2081,DEV,UNCLEAR,
504362-0,504362,cadc,1988,pre-1990,majority/lead,TRIGGER,T01,H2,11488,11503,11484,11654,COURT,UNRESOLVED,AVOIDED
r781807-0,781807,ca9,2003,1990-2004,majority/lead,CTRL_RAND,,CTRL_RAND,7186,7193,7186,7298,TEST,DECIDED,
c4024288-1,4024288,ca2,2016,2015-2026,majority/lead,CTRL_HOLD,,CTRL_HOLD,11625,11640,11585,11689,DEV,DECIDED,
r8975142-0,8975142,ca9,1989,pre-1990,majority/lead,CTRL_RAND,,CTRL_RAND,53,60,29,185,DEV,DECIDED,
8899796-0,8899796,ca7,1976,pre-1990,majority/lead,TRIGGER,T01,H1,19025,19040,19006,19417,TEST,UNCLEAR,
2709092-0,2709092,ca7,2013,2005-2014,majority/lead,TRIGGER,T02,H1,18734,18753,18683,18854,DEV,UNRESOLVED,AVOIDED
1479136-0,1479136,ca1,1936,pre-1990,majority/lead,TRIGGER,T03,PLAIN,5994,6007,5907,6166,TEST,UNRESOLVED,AVOIDED
2785176-0,2785176,ca9,2015,2015-2026,majority/lead,TRIGGER,T11,H1,2388,2410,2379,2460,TEST,UNCLEAR,
9435582-0,9435582,ca4,2010,2005-2014,majority/lead,TRIGGER,T07+T09,PLAIN,28291,28315,28257,28404,DEV,UNRESOLVED,ASSUMED
c578561-1,578561,cadc,1992,1990-2004,majority/lead,CTRL_HOLD,,CTRL_HOLD,16809,16830,16808,16905,COURT,DECIDED,
7249427-0,7249427,cadc,2018,2015-2026,majority/lead,TRIGGER,T06,H1,10647,10667,10624,10726,COURT,UNRESOLVED,AVOIDED
187369-2,187369,cadc,2009,2005-2014,majority/lead,TRIGGER,T07,PLAIN,17094,17110,17094,17500,COURT,UNRESOLVED,ASSUMED
2972176-1,2972176,ca6,2005,2005-2014,majority/lead,TRIGGER,T10,PLAIN,30771,30789,30691,30914,TEST,UNRESOLVED,AVOIDED
3020641-0,3020641,ca3,2006,2005-2014,majority/lead,TRIGGER,T06,PLAIN,2185,2204,2149,2353,DEV,UNCLEAR,
c11312058-0,11312058,ca11,2026,2015-2026,majority/lead,CTRL_HOLD,,CTRL_HOLD,1776,1783,1776,1958,TEMPORAL,DECIDED,
c804322-1,804322,ca1,2012,2005-2014,majority/lead,CTRL_HOLD,,CTRL_HOLD,16359,16368,16345,16500,DEV,DECIDED,
c9495731-1,9495731,cafc,2003,1990-2004,majority/lead,CTRL_HOLD,,CTRL_HOLD,14551,14560,14517,14672,DEV,DECIDED,
4436721-0,4436721,ca5,2019,2015-2026,majority/lead,TRIGGER,T02,H1,19243,19257,19238,19514,COURT,UNRESOLVED,AVOIDED
3050062-0,3050062,ca9,2007,2005-2014,majority/lead,TRIGGER,T02,PLAIN,25845,25859,25837,25969,TEST,UNRESOLVED,AVOIDED
r111029-0,111029,scotus,1983,pre-1990,majority/lead,CTRL_RAND,,CTRL_RAND,16621,16628,16466,16705,DEV,UNCLEAR,
10007456-0,10007456,ca1,2024,2015-2026,majority/lead,TRIGGER,T07,H1,70909,70925,70909,70961,TEMPORAL,UNRESOLVED,AVOIDED
751758-1,751758,ca11,1998,1990-2004,majority/lead,TRIGGER,T10,H2,13837,13855,13834,14021,TEST,UNRESOLVED,AVOIDED
9908470-0,9908470,cadc,2023,2015-2026,majority/lead,TRIGGER,T07+T09,H2,44277,44300,44251,44421,COURT,UNRESOLVED,ASSUMED
4284430-0,4284430,ca5,2018,2015-2026,majority/lead,TRIGGER,T06,PLAIN,13418,13438,13356,13515,COURT,UNCLEAR,
469164-0,469164,ca9,1986,pre-1990,majority/lead,TRIGGER,T13,H1,25353,25375,25347,25482,TEST,UNRESOLVED,AVOIDED
c7214151-0,7214151,ca2,2002,1990-2004,majority/lead,CTRL_HOLD,,CTRL_HOLD,1303,1331,1277,1422,DEV,DECIDED,
279368-2,279368,ca8,1968,pre-1990,majority/lead,TRIGGER,T10,H1,37440,37458,37184,37463,DEV,UNRESOLVED,AVOIDED
219026-0,219026,ca8,2011,2005-2014,majority/lead,TRIGGER,T06,H1,7914,7933,7854,8140,TEST,UNCLEAR,
6345939-0,6345939,ca6,2022,2015-2026,majority/lead,TRIGGER,T02,H1,5831,5845,5809,5903,TEMPORAL,UNRESOLVED,AVOIDED
772187-0,772187,ca2,2001,1990-2004,majority/lead,TRIGGER,T10,H1,20210,20228,20207,20322,TEST,UNRESOLVED,AVOIDED
6350015-0,6350015,ca11,2022,2015-2026,majority/lead,TRIGGER,T01,H2,32630,32645,32627,32825,TEMPORAL,UNRESOLVED,AVOIDED
c4880145-0,4880145,ca6,2021,2015-2026,majority/lead,CTRL_HOLD,,CTRL_HOLD,10207,10231,10139,10319,TEMPORAL,DECIDED,
1550847-0,1550847,ca4,1940,pre-1990,majority/lead,TRIGGER,T10,PLAIN,10263,10283,10196,10364,TEST,DECIDED,
r96745-0,96745,scotus,1908,pre-1990,majority/lead,CTRL_RAND,,CTRL_RAND,2840,2847,2809,3079,DEV,DECIDED,
1012062-0,1012062,ca4,2003,1990-2004,majority/lead,TRIGGER,T10,PLAIN,1888,1906,1884,1942,DEV,UNRESOLVED,AVOIDED
9468750-1,9468750,ca10,1982,pre-1990,majority/lead,TRIGGER,T04,PLAIN,21801,21813,21788,22135,TEST,UNRESOLVED,AVOIDED
38074-0,38074,ca5,2005,2005-2014,majority/lead,TRIGGER,T04,H1,29867,29887,29779,29937,COURT,UNRESOLVED,AVOIDED
134737-0,134737,scotus,2004,1990-2004,majority/lead,TRIGGER,T11,PLAIN,16157,16175,16136,16219,DEV,UNRESOLVED,AVOIDED
107951-0,107951,scotus,1969,pre-1990,majority/lead,TRIGGER,T13,H1,16117,16138,15940,16191,DEV,UNRESOLVED,AVOIDED
778719-0,778719,ca3,2002,1990-2004,majority/lead,TRIGGER,T01,H1,24297,24312,24222,24414,DEV,UNRESOLVED,AVOIDED
c75268-0,75268,ca11,2001,1990-2004,majority/lead,CTRL_HOLD,,CTRL_HOLD,12591,12598,12572,12642,TEST,DECIDED,
c460378-0,460378,ca9,1985,pre-1990,majority/lead,CTRL_HOLD,,CTRL_HOLD,1410,1423,1410,1676,DEV,DECIDED,
c3212514-0,3212514,scotus,2016,2015-2026,majority/lead,CTRL_HOLD,,CTRL_HOLD,38057,38065,38010,38132,TEST,DECIDED,
27007-2,27007,ca5,2002,1990-2004,majority/lead,TRIGGER,T04,PLAIN,22222,22234,22208,22423,COURT,UNRESOLVED,AVOIDED
4282682-2,4282682,ca2,2018,2015-2026,majority/lead,TRIGGER,T01,PLAIN,30595,30610,30559,30734,TEMPORAL,UNCLEAR,
221597-0,221597,ca8,2011,2005-2014,majority/lead,TRIGGER,T07+T09,H2,30559,30582,30556,30700,TEST,UNRESOLVED,ASSUMED
11174814-1,11174814,ca1,2025,2015-2026,majority/lead,TRIGGER,T02,H1,72792,72807,72789,72864,TEMPORAL,UNRESOLVED,AVOIDED
c228587-0,228587,ca9,1952,pre-1990,majority/lead,CTRL_HOLD,,CTRL_HOLD,3685,3696,3676,3824,TEST,DECIDED,
4644736-0,4644736,ca11,2020,2015-2026,majority/lead,TRIGGER,T10,H1,16077,16095,16074,16138,TEMPORAL,UNCLEAR,
4675313-0,4675313,ca11,2021,2015-2026,majority/lead,TRIGGER,T01,H2,11460,11475,11434,11517,TEMPORAL,DECIDED,
c784542-0,784542,ca1,2003,1990-2004,majority/lead,CTRL_HOLD,,CTRL_HOLD,4043,4067,4012,4141,DEV,DECIDED,
c182312-0,182312,ca11,2011,2005-2014,majority/lead,CTRL_HOLD,,CTRL_HOLD,14279,14290,14266,14319,TEST,DECIDED,
3026097-0,3026097,ca8,2001,1990-2004,majority/lead,TRIGGER,T06,H1,874,894,839,1001,TEST,UNRESOLVED,AVOIDED
11297434-0,11297434,scotus,2026,2015-2026,majority/lead,TRIGGER,T01,PLAIN,63638,63658,63635,63790,TEMPORAL,UNRESOLVED,AVOIDED
c789785-0,789785,ca7,2005,2005-2014,majority/lead,CTRL_HOLD,,CTRL_HOLD,10642,10651,10630,10876,DEV,DECIDED,
145679-0,145679,scotus,2006,2005-2014,majority/lead,TRIGGER,T07+T08,H1,12662,12687,12587,12870,TEST,UNCLEAR,
3032287-0,3032287,ca9,2005,2005-2014,majority/lead,TRIGGER,T10,H2,1399,1417,1370,1664,TEST,UNRESOLVED,AVOIDED
212170-0,212170,cafc,2004,1990-2004,majority/lead,TRIGGER,T13,PLAIN,41709,41732,41702,42041,DEV,UNRESOLVED,AVOIDED
r4664546-0,4664546,ca11,2021,2015-2026,majority/lead,CTRL_RAND,,CTRL_RAND,1234,1241,1224,1292,TEMPORAL,DECIDED,
8828385-0,8828385,ca4,1922,pre-1990,majority/lead,TRIGGER,T10,PLAIN,8278,8296,8275,8351,TEST,UNRESOLVED,AVOIDED
9472077-0,9472077,cafc,1984,pre-1990,majority/lead,TRIGGER,T01,H1,43275,43290,43222,43386,TEST,UNRESOLVED,AVOIDED
1433527-0,1433527,ca7,2009,2005-2014,majority/lead,TRIGGER,T01,H2,19576,19591,19572,19694,DEV,UNRESOLVED,AVOIDED
3033696-0,3033696,ca8,2004,1990-2004,majority/lead,TRIGGER,T13,H1,21043,21065,21027,21263,TEST,UNRESOLVED,AVOIDED
7251439-0,7251439,cadc,2019,2015-2026,majority/lead,TRIGGER,T04,H1,5813,5827,5704,5859,COURT,UNRESOLVED,AVOIDED
668213-0,668213,cadc,1994,1990-2004,majority/lead,TRIGGER,T07+T09,H2,2825,2848,2791,2917,COURT,UNRESOLVED,ASSUMED
r662485-0,662485,ca7,1994,1990-2004,majority/lead,CTRL_RAND,,CTRL_RAND,2071,2078,1946,2308,DEV,UNCLEAR,
4568939-8,4568939,ca10,2020,2015-2026,majority/lead,TRIGGER,T10,PLAIN,73850,73868,73847,73931,TEMPORAL,UNRESOLVED,AVOIDED
213517-0,213517,cadc,2011,2005-2014,majority/lead,TRIGGER,T11,PLAIN,27582,27599,27572,27820,COURT,UNCLEAR,
495062-0,495062,ca3,1987,pre-1990,majority/lead,TRIGGER,T03,H2,11100,11113,11080,11281,TEST,UNRESOLVED,AVOIDED
c902271-1,902271,ca8,2013,2005-2014,majority/lead,CTRL_HOLD,,CTRL_HOLD,28788,28799,28680,28978,TEST,DECIDED,
c771677-0,771677,ca9,2001,1990-2004,majority/lead,CTRL_HOLD,,CTRL_HOLD,19459,19468,19453,19560,DEV,DECIDED,
77656-0,77656,ca11,2007,2005-2014,majority/lead,TRIGGER,T01,H2,45335,45350,45242,45677,DEV,UNRESOLVED,AVOIDED
11298802-0,11298802,ca7,2026,2015-2026,majority/lead,TRIGGER,T01,PLAIN,28296,28311,28227,28354,TEMPORAL,UNRESOLVED,AVOIDED
7262675-1,7262675,scotus,2011,2005-2014,separate,TRIGGER,T07,PLAIN,31073,31089,30990,31186,DEV,UNCLEAR,
6902497-0,6902497,ca9,1949,pre-1990,majority/lead,TRIGGER,T10,PLAIN,18168,18186,18164,18444,DEV,UNRESOLVED,AVOIDED
433865-0,433865,ca11,1984,pre-1990,majority/lead,TRIGGER,T13,H1,1792,1814,1786,2103,DEV,UNRESOLVED,AVOIDED
5122084-0,5122084,ca3,2021,2015-2026,majority/lead,TRIGGER,T03,PLAIN,23580,23593,23539,23636,TEMPORAL,UNRESOLVED,AVOIDED
203886-1,203886,ca1,2009,2005-2014,majority/lead,TRIGGER,T02,H2,36095,36109,36019,36390,TEST,UNRESOLVED,AVOIDED
11268385-0,11268385,ca4,2026,2015-2026,majority/lead,TRIGGER,T07+T09,PLAIN,21098,21121,21087,21264,TEMPORAL,UNRESOLVED,ASSUMED
317141-0,317141,ca9,1974,pre-1990,majority/lead,TRIGGER,T10,PLAIN,5502,5520,5409,5641,TEST,UNRESOLVED,AVOIDED
8916546-0,8916546,ca11,1983,pre-1990,majority/lead,TRIGGER,T04,PLAIN,1306,1318,1240,1375,DEV,UNRESOLVED,AVOIDED
9433744-0,9433744,scotus,1999,1990-2004,majority/lead,TRIGGER,T01,H1,24898,24913,24895,25163,TEST,UNRESOLVED,AVOIDED
365546-1,365546,ca4,1979,pre-1990,majority/lead,TRIGGER,T11,H1,43951,43968,43927,44053,DEV,UNRESOLVED,AVOIDED
158241-0,158241,ca10,1999,1990-2004,majority/lead,TRIGGER,T01,H2,11289,11304,11285,11424,TEST,UNRESOLVED,AVOIDED
c265277-0,265277,ca2,1964,pre-1990,majority/lead,CTRL_HOLD,,CTRL_HOLD,8147,8156,8147,8390,DEV,DECIDED,
286579-1,286579,ca1,1969,pre-1990,majority/lead,TRIGGER,T07,H2,100958,100974,100941,101198,TEST,DECIDED,
r470060-0,470060,ca9,1986,pre-1990,majority/lead,CTRL_RAND,,CTRL_RAND,4896,4903,4875,5064,TEST,DECIDED,
c8914028-1,8914028,ca2,1981,pre-1990,majority/lead,CTRL_HOLD,,CTRL_HOLD,20749,20756,20489,20822,DEV,DECIDED,
r792402-0,792402,ca9,2005,2005-2014,majority/lead,CTRL_RAND,,CTRL_RAND,14477,14484,14443,14596,DEV,UNCLEAR,
c791589-0,791589,ca4,2005,2005-2014,majority/lead,CTRL_HOLD,,CTRL_HOLD,18487,18494,18487,18552,TEST,DECIDED,
r2796985-0,2796985,ca7,2015,2015-2026,majority/lead,CTRL_RAND,,CTRL_RAND,2739,2746,2715,3784,DEV,UNCLEAR,
9446215-0,9446215,ca1,1958,pre-1990,separate,TRIGGER,T04,PLAIN,498,512,286,635,DEV,UNCLEAR,
c7857473-0,7857473,cadc,1988,pre-1990,majority/lead,CTRL_HOLD,,CTRL_HOLD,376,387,376,492,COURT,DECIDED,
8923687-1,8923687,cafc,1984,pre-1990,majority/lead,TRIGGER,T04,PLAIN,16037,16057,16034,16114,DEV,UNRESOLVED,AVOIDED
r3176265-0,3176265,cafc,2016,2015-2026,majority/lead,CTRL_RAND,,CTRL_RAND,693,700,670,907,DEV,DECIDED,
606071-1,606071,ca8,1993,1990-2004,majority/lead,TRIGGER,T10,PLAIN,6466,6484,6377,6580,TEST,UNRESOLVED,AVOIDED
8413911-0,8413911,ca6,2016,2015-2026,majority/lead,TRIGGER,T10,PLAIN,16333,16351,16197,16713,DEV,UNRESOLVED,AVOIDED
6982609-0,6982609,ca9,1999,1990-2004,majority/lead,TRIGGER,T11,H1,27562,27580,27450,27683,DEV,DECIDED,
770562-0,770562,ca7,2000,1990-2004,majority/lead,TRIGGER,T04,H1,49942,49954,49891,50043,TEST,UNRESOLVED,AVOIDED
c2977738-0,2977738,ca6,2009,2005-2014,majority/lead,CTRL_HOLD,,CTRL_HOLD,797,816,797,861,DEV,DECIDED,
3165442-0,3165442,ca5,2015,2015-2026,majority/lead,TRIGGER,T02,H2,25626,25640,25614,25853,COURT,UNRESOLVED,AVOIDED
4392144-0,4392144,ca10,2019,2015-2026,majority/lead,TRIGGER,T01,H1,120255,120270,120126,120337,TEMPORAL,UNCLEAR,
744772-0,744772,ca5,1997,1990-2004,majority/lead,TRIGGER,T07+T09,H2,18790,18813,18754,19006,COURT,UNRESOLVED,ASSUMED
184545-0,184545,cadc,1998,1990-2004,majority/lead,TRIGGER,T01,H2,67279,67294,67276,67526,COURT,UNRESOLVED,AVOIDED
c498414-1,498414,ca7,1988,pre-1990,majority/lead,CTRL_HOLD,,CTRL_HOLD,8395,8423,8382,8491,DEV,DECIDED,
200122-0,200122,ca1,2002,1990-2004,majority/lead,TRIGGER,T11,H1,1207,1224,1188,1306,DEV,UNCLEAR,
4290182-0,4290182,ca11,2018,2015-2026,majority/lead,TRIGGER,T02,H2,5237,5252,5234,5328,TEMPORAL,UNRESOLVED,AVOIDED
423506-2,423506,ca2,1983,pre-1990,majority/lead,TRIGGER,T07,H1,12999,13015,12969,13183,DEV,UNRESOLVED,AVOIDED
563217-0,563217,ca1,1991,1990-2004,majority/lead,TRIGGER,T02,H2,6247,6261,6243,6423,DEV,UNRESOLVED,AVOIDED
c3012953-0,3012953,ca3,2003,1990-2004,majority/lead,CTRL_HOLD,,CTRL_HOLD,2765,2772,2757,2945,TEST,DECIDED,
r11172532-0,11172532,ca6,2025,2015-2026,majority/lead,CTRL_RAND,,CTRL_RAND,5015,5022,4987,5135,TEMPORAL,DECIDED,
c2709687-0,2709687,ca7,2013,2005-2014,majority/lead,CTRL_HOLD,,CTRL_HOLD,3974,4002,3921,4078,DEV,DECIDED,
653629-0,653629,ca3,1993,1990-2004,majority/lead,TRIGGER,T03,PLAIN,31845,31858,31831,32041,DEV,UNRESOLVED,AVOIDED
c783181-0,783181,ca6,2003,1990-2004,majority/lead,CTRL_HOLD,,CTRL_HOLD,1547,1556,1514,1816,TEST,DECIDED,
c706847-0,706847,ca5,1995,1990-2004,majority/lead,CTRL_HOLD,,CTRL_HOLD,1889,1898,1889,1946,COURT,DECIDED,
201510-0,201510,ca1,2005,2005-2014,majority/lead,TRIGGER,T07+T08,PLAIN,4143,4168,4143,4375,TEST,UNRESOLVED,ASSUMED
c394134-0,394134,ca6,1981,pre-1990,majority/lead,CTRL_HOLD,,CTRL_HOLD,3000,3016,2999,3095,TEST,DECIDED,
807765-1,807765,ca1,2012,2005-2014,majority/lead,TRIGGER,T04,H1,69846,69858,69843,70012,DEV,UNRESOLVED,AVOIDED
c3000786-0,3000786,ca7,2007,2005-2014,majority/lead,CTRL_HOLD,,CTRL_HOLD,14639,14650,14607,14791,DEV,DECIDED,
c690790-1,690790,ca9,1995,1990-2004,majority/lead,CTRL_HOLD,,CTRL_HOLD,5030,5037,4879,5080,DEV,DECIDED,
r1492045-0,1492045,ca2,1934,pre-1990,majority/lead,CTRL_RAND,,CTRL_RAND,3283,3290,3025,3416,DEV,UNCLEAR,
214486-1,214486,ca8,2011,2005-2014,majority/lead,TRIGGER,T06,H1,7005,7024,6905,7083,TEST,UNRESOLVED,AVOIDED
422176-0,422176,cafc,1983,pre-1990,majority/lead,TRIGGER,T10,H2,8725,8743,8712,8894,DEV,UNRESOLVED,AVOIDED
762173-0,762173,ca9,1999,1990-2004,majority/lead,TRIGGER,T02,PLAIN,9431,9445,9283,9554,DEV,UNRESOLVED,AVOIDED
8963766-0,8963766,cafc,1988,pre-1990,majority/lead,TRIGGER,T03,H2,34730,34743,34635,34878,TEST,UNRESOLVED,AVOIDED
2995299-0,2995299,ca7,2001,1990-2004,majority/lead,TRIGGER,T06,H1,11979,11998,11969,12083,TEST,UNCLEAR,
603276-0,603276,ca6,1993,1990-2004,majority/lead,TRIGGER,T10,H2,11391,11409,11388,11608,TEST,UNRESOLVED,AVOIDED
686469-0,686469,ca3,1995,1990-2004,majority/lead,TRIGGER,T02,H2,32034,32048,31954,32140,TEST,UNRESOLVED,AVOIDED
211051-0,211051,cafc,2006,2005-2014,majority/lead,TRIGGER,T10,H1,8950,8970,8614,9068,TEST,UNCLEAR,
9835631-1,9835631,ca1,2016,2015-2026,majority/lead,TRIGGER,T03,PLAIN,19719,19732,19700,19821,DEV,UNRESOLVED,AVOIDED
526162-0,526162,ca10,1989,pre-1990,majority/lead,TRIGGER,T11,PLAIN,4442,4476,4316,4593,TEST,DECIDED,
c868379-1,868379,cafc,2013,2005-2014,majority/lead,CTRL_HOLD,,CTRL_HOLD,31557,31581,31543,31730,TEST,DECIDED,
9415903-0,9415903,ca11,2004,1990-2004,majority/lead,TRIGGER,T01,H1,18956,18971,18953,19105,TEST,UNRESOLVED,AVOIDED
c588162-1,588162,ca11,1992,1990-2004,majority/lead,CTRL_HOLD,,CTRL_HOLD,4972,4996,4898,5171,DEV,DECIDED,
42259-0,42259,ca11,2005,2005-2014,majority/lead,TRIGGER,T11,PLAIN,14641,14660,14622,14760,DEV,DECIDED,
499132-0,499132,ca10,1988,pre-1990,majority/lead,TRIGGER,T02,PLAIN,21290,21304,21286,21600,TEST,UNRESOLVED,AVOIDED
3010186-0,3010186,ca3,1996,1990-2004,majority/lead,TRIGGER,T07+T08,H2,54315,54340,54315,54626,DEV,UNRESOLVED,ASSUMED
